{
  "project_info": {
    "project_number": "1065558189323",
    "project_id": "shms-c7f4e",
    "storage_bucket": "shms-c7f4e.appspot.com"
  },
  "client": [
    {
      "client_info": {
        "mobilesdk_app_id": "1:1065558189323:android:373e28ea1370ad4f1fee0e",
        "android_client_info": {
          "package_name": "com.hrm.app"
        }
      },
      "oauth_client": [
        {
          "client_id": "1065558189323-re3qici63bkhucsd6dkrrl4qnbsp41vq.apps.googleusercontent.com",
          "client_type": 3
        }
      ],
      "api_key": [
        {
          "current_key": "AIzaSyDO_vlgolDkBwY9s6gkdAQIa_r2bOsQ7XA"
        }
      ],
      "services": {
        "appinvite_service": {
          "other_platform_oauth_client": [
            {
              "client_id": "1065558189323-re3qici63bkhucsd6dkrrl4qnbsp41vq.apps.googleusercontent.com",
              "client_type": 3
            }
          ]
        }
      }
    }
  ],
  "configuration_version": "1"
}